SDR_2,SDR_4,SDR_6,SDR_8,SDR_10,R_ave
0.7383132530120483,0.9699598393574298,0.9924497991967874,0.9974297188755021,1.0,1.3631719721368996
